source_id,enso_phase,mean_pr_mmday,std_pr_mmday,mean_tas_C,std_tas_C,n_months
CESM2,El Nino,1.7218804784435058,1.612096541717651,13.938461896699572,5.42558776249055,441
CESM2,La Nina,1.3135639916895951,1.2623020980641586,14.190511978004658,5.831767291890598,967
CESM2,Neutral,1.2077102963226354,1.2043855562182957,15.1494758825865,5.607373343419954,572
GFDL-ESM4,El Nino,1.8664895345868195,1.8211305149393195,11.88615067754724,6.133727100857496,338
GFDL-ESM4,La Nina,1.5313569358511978,1.3915701945064816,12.11764534012767,6.510440634135547,930
GFDL-ESM4,Neutral,1.5349658584188726,1.4236011838854954,13.072605799121726,6.1006040694246835,712
MPI-ESM1-2-HR,El Nino,1.7957538586028376,2.037207554493386,13.19757363814621,6.053277462753599,301
MPI-ESM1-2-HR,La Nina,1.465955691884298,1.6477478166276924,12.765444732134393,6.225916106992379,830
MPI-ESM1-2-HR,Neutral,1.7387647614257455,1.9044243729898311,12.688010772981483,6.164870307763578,849
